Title,US_Gross,Worldwide_Gross,US_DVD_Sales,Production_Budget,Release_Date,MPAA_Rating,Running_Time_min,Distributor,Source,Major_Genre,Creative_Type,Director,Rotten_Tomatoes_Rating,IMDB_Rating,IMDB_Votes,full_dict,llm_summary
The Land Girls,146083.0,146083.0,,8000000.0,Jun 12 1998,R,,Gramercy,,,,,,6.1,1071.0,"{'Title': 'The Land Girls', 'US_Gross': 146083.0, 'Worldwide_Gross': 146083.0, 'US_DVD_Sales': nan, 'Production_Budget': 8000000.0, 'Release_Date': 'Jun 12 1998', 'MPAA_Rating': 'R', 'Running_Time_min': nan, 'Distributor': 'Gramercy', 'Source': None, 'Major_Genre': None, 'Creative_Type': None, 'Director': None, 'Rotten_Tomatoes_Rating': nan, 'IMDB_Rating': 6.1, 'IMDB_Votes': 1071.0}","**Movie Performance Summary: ""The Land Girls""**

""The Land Girls,"" released on June 12, 1998, had a production budget of approximately $8 million but generated only $146,083 in both US gross and worldwide gross, indicating a significant financial shortfall. The film did not record any DVD sales, and key metrics such as its running time and Rotten Tomatoes rating are unavailable. 

Despite this, the film garnered an IMDB rating of 6.1 based on 1,071 votes, suggesting a mixed-to-positive reception among viewers. The movie was distributed by Gramercy and holds an R rating. Overall, ""The Land Girls"" underperformed at the box office compared to its budget, reflecting challenges in commercial success despite moderate viewer ratings."
"First Love, Last Rites",10876.0,10876.0,,300000.0,Aug 07 1998,R,,Strand,,Drama,,,,6.9,207.0,"{'Title': 'First Love, Last Rites', 'US_Gross': 10876.0, 'Worldwide_Gross': 10876.0, 'US_DVD_Sales': nan, 'Production_Budget': 300000.0, 'Release_Date': 'Aug 07 1998', 'MPAA_Rating': 'R', 'Running_Time_min': nan, 'Distributor': 'Strand', 'Source': None, 'Major_Genre': 'Drama', 'Creative_Type': None, 'Director': None, 'Rotten_Tomatoes_Rating': nan, 'IMDB_Rating': 6.9, 'IMDB_Votes': 207.0}","""First Love, Last Rites"" is a drama film released on August 7, 1998. The movie had a production budget of $300,000 and grossed a modest $10,876 in the U.S. market, which is also its worldwide gross, indicating minimal financial success. The film has an IMDB rating of 6.9 based on 207 votes, suggesting a relatively positive reception among viewers, despite the lack of significant commercial performance. Notably, the film's DVD sales data is not available, and there are also gaps regarding its running time and Rotten Tomatoes rating. The distributor for the film was Strand. Overall, the film's performance can be characterized as underwhelming in terms of financial returns, but it has garnered some viewer appreciation."
I Married a Strange Person,203134.0,203134.0,,250000.0,Aug 28 1998,,,Lionsgate,,Comedy,,,,6.8,865.0,"{'Title': 'I Married a Strange Person', 'US_Gross': 203134.0, 'Worldwide_Gross': 203134.0, 'US_DVD_Sales': nan, 'Production_Budget': 250000.0, 'Release_Date': 'Aug 28 1998', 'MPAA_Rating': None, 'Running_Time_min': nan, 'Distributor': 'Lionsgate', 'Source': None, 'Major_Genre': 'Comedy', 'Creative_Type': None, 'Director': None, 'Rotten_Tomatoes_Rating': nan, 'IMDB_Rating': 6.8, 'IMDB_Votes': 865.0}","""I Married a Strange Person"" is a comedy film released on August 28, 1998, by Lionsgate. The movie had a production budget of $250,000 and generated a modest US gross of $203,134, which matches its worldwide gross, indicating that it did not perform significantly well at the box office. The IMDB rating stands at 6.8, based on 865 votes, suggesting a relatively favorable reception among viewers, despite its limited commercial success. Additional financial data, such as US DVD sales, running time, and Rotten Tomatoes rating, are not available. Overall, the film's performance indicates a niche appeal rather than widespread popularity."
Let's Talk About Sex,373615.0,373615.0,,300000.0,Sep 11 1998,,,Fine Line,,Comedy,,,13.0,,,"{'Title': ""Let's Talk About Sex"", 'US_Gross': 373615.0, 'Worldwide_Gross': 373615.0, 'US_DVD_Sales': nan, 'Production_Budget': 300000.0, 'Release_Date': 'Sep 11 1998', 'MPAA_Rating': None, 'Running_Time_min': nan, 'Distributor': 'Fine Line', 'Source': None, 'Major_Genre': 'Comedy', 'Creative_Type': None, 'Director': None, 'Rotten_Tomatoes_Rating': 13.0, 'IMDB_Rating': nan, 'IMDB_Votes': nan}","The movie ""Let's Talk About Sex,"" released on September 11, 1998, has had modest financial performance, with a total US gross of $373,615, matching its worldwide gross. The film was produced with a budget of $300,000, indicating that it has generated a profit, albeit a small one. It was distributed by Fine Line and is categorized as a comedy. However, the film has struggled with critical reception, as evidenced by a low Rotten Tomatoes rating of 13%. Additional metrics such as US DVD sales and IMDB ratings are unavailable, limiting a comprehensive assessment of its overall impact."
Slam,1009819.0,1087521.0,,1000000.0,Oct 09 1998,R,,Trimark,Original Screenplay,Drama,Contemporary Fiction,,62.0,3.4,165.0,"{'Title': 'Slam', 'US_Gross': 1009819.0, 'Worldwide_Gross': 1087521.0, 'US_DVD_Sales': nan, 'Production_Budget': 1000000.0, 'Release_Date': 'Oct 09 1998', 'MPAA_Rating': 'R', 'Running_Time_min': nan, 'Distributor': 'Trimark', 'Source': 'Original Screenplay', 'Major_Genre': 'Drama', 'Creative_Type': 'Contemporary Fiction', 'Director': None, 'Rotten_Tomatoes_Rating': 62.0, 'IMDB_Rating': 3.4, 'IMDB_Votes': 165.0}","The film ""Slam,"" released on October 9, 1998, had a production budget of $1,000,000 and achieved a modest US gross of approximately $1,009,819, contributing to a worldwide gross of around $1,087,521. The film is categorized as a drama, and it was distributed by Trimark. Despite its financial performance being relatively close to break-even, it has a mixed reception, as reflected by its 62% rating on Rotten Tomatoes and a low IMDB rating of 3.4 based on 165 votes. There are no available data for US DVD sales or running time, and the film has obtained an 'R' rating. Overall, ""Slam"" appears to have had a limited commercial impact and a lukewarm critical reception."
